Workbook

Sheet Test Cases
A1: Test Case ID | B1: Group | C1: Type | D1: Test Scenario | E1: Preconditions | F1: Test Steps | G1: Expected Result | H1: Actual Result | I1: Pass / Fail | J1: Tested By | K1: Date | L1: Notes / Defect ref
A2: OB-P-01 | B2: A. Onboarding - Positive | C2: Positive | D2: Create a new Enterprise account | E2: App is running and reachable. No account exists with the username you are about to use. | F2: 1. Open /apps/signup. 2. Leave the account type set to Enterprise. 3. Enter organization name, your name, a valid email, a username, and a PIN of 4 or more characters. 4. Click "Create & Continue". | G2: The button shows "Creating..." and is disabled while it works. The account and organization are created, the user is signed in, and the browser moves into a program page (not the "Choose a program" list). No program picker is shown for an Enterprise account.
A3: OB-P-02 | B3: A. Onboarding - Positive | C3: Positive | D3: Create a Leader account and choose programs | E3: On /apps/signup with an unused username. | F3: 1. Select the Leader account type. 2. Check that a list of Leader programs appears. 3. Tick one or more available programs. 4. Fill in the remaining fields and submit. | G3: Account is created with exactly the programs ticked. After sign-up, only those programs are open to the account; anything not ticked is not reachable.
A4: OB-P-03 | B4: A. Onboarding - Positive | C4: Positive | D4: A new account lands inside a program with Profile open | E4: Sign-up has just been completed (OB-P-01 or OB-P-02). | F4: 1. Watch where the browser goes after the account is created. 2. Look at the address bar and at the panel on screen. | G4: The address is a program address (/apps/{role}/{program}), the program Home is behind, and the ordinary Profile panel is open on top. There is no separate set-up wizard and nothing must be completed before the app can be used.
A5: OB-P-04 | B5: A. Onboarding - Positive | C5: Positive | D5: Profile closes onto the program, and a refresh does not reopen it | E5: Just landed after sign-up with Profile open. | F5: 1. Fill in a couple of profile details and click Done. 2. Refresh the page (F5). 3. Open the More menu and choose Profile. | G5: Done closes the panel onto the working program. The refresh does NOT reopen Profile and the details entered are still there. The More menu opens the same single Profile panel.
A6: OB-P-05 | B6: A. Onboarding - Positive | C6: Positive | D6: Sign in with organization, username and PIN | E6: Ann’s account exists. You are signed out, on /apps/login. | F6: 1. Enter the organization name, Ann’s username and her PIN. 2. Click Sign In. | G6: Signed in within a couple of seconds and taken into a program - the one last opened if there is one, otherwise one of the account’s own programs. The name shown in the top bar is Ann’s.
A7: OB-P-06 | B7: A. Onboarding - Positive | C7: Positive | D7: "Remember me" is honoured - and only when ticked | E7: Signed out. Ann’s credentials to hand. | F7: 1. Sign in with "Remember me" ticked. Close the browser completely and reopen /apps. 2. Sign out. Sign in again with "Remember me" unticked. Close the browser completely and reopen /apps. | G7: Step 1: the sign-in screen offers "Continue as Ann". Step 2: no such offer - the plain sign-in form is shown.
A8: OB-P-07 | B8: A. Onboarding - Positive | C8: Positive | D8: Org admin adds a member and the invite is sent | E8: Signed in as Ann (org admin). Profile / team panel open. | F8: 1. Add a new member: name, email, username, PIN, department. 2. Choose which programs the member may open. 3. Save, and read the message shown. | G8: The member is added and appears in the team list. The app reports the real invite status - sent, or queued/pending if email is not configured. Adding a member never fails just because email is unavailable, and never silently claims success.
A9: OB-P-08 | B9: A. Onboarding - Positive | C9: Positive | D9: Invited member signs in on their own device | E9: Ben has been added by Ann (OB-P-07). Use a browser that has never been used for this app. | F9: 1. Open /apps/login in the fresh browser. 2. Sign in as Ben with the organization name and his credentials. 3. Check the name in the top bar and open the team list. | G9: Ben is signed in AS BEN, sees the organization’s workspace, and has member rights only. He must not be signed in as Ann or as the owner, and must not see admin-only buttons (add/delete member, edit org details).
A10: OB-N-01 | B10: B. Onboarding - Negative | C10: Negative | D10: Submit an empty sign-up form | E10: On /apps/signup, all fields empty. | F10: 1. Click "Create & Continue" without typing anything. | G10: A message under every required field (organization, name, email, username, PIN). The first errored field gets focus. No account is created and no page change happens.
A11: OB-N-02 | B11: B. Onboarding - Negative | C11: Negative | D11: Invalid email is rejected and typing is not lost | E11: On /apps/signup. | F11: 1. Fill every field correctly, but set the email to "ann@". 2. Submit. Then try "ann example.com" and "@example.com". 3. Start correcting the email field. | G11: Each attempt shows "Enter a valid email address." on the email field only. Everything else already typed is still on screen. The message clears as soon as the user starts typing in that field.
A12: OB-N-03 | B12: B. Onboarding - Negative | C12: Negative | D12: Username and PIN rules are enforced | E12: On /apps/signup with all other fields valid. | F12: 1. Enter the username "ann smith" (with a space) and submit. 2. Try "ann@smith" and "ann#1". 3. Set a valid username, then enter a 3-character PIN and submit. | G12: Usernames with anything other than letters, numbers, dots, dashes or underscores are refused with a message on the username field. A PIN under 4 characters is refused with "PIN must be at least 4 characters." Nothing is created in either case.
A13: OB-N-04 | B13: B. Onboarding - Negative | C13: Negative | D13: Leader sign-up with no program chosen | E13: On /apps/signup, account type set to Leader. | F13: 1. Fill every field correctly but tick no programs. 2. Submit. 3. Tick a program. | G13: "Choose at least one program to get started." is shown against the program list and no account is created. The message disappears the moment a program is ticked.
... A48: DL-M-04 | B48: H. Sync - Multi-user | C48: Multi-user | D48: Rapid back-and-forth on one record | E48: Two-user set-up on the same record. | F48: 1. Ann and Ben take turns changing the same record, about one change every 2 seconds, for 2 minutes. Write down the last value entered and by whom. 2. Both stop, wait 15 seconds, then reload. | G48: Both screens show the same record and it matches the last value entered. No older value comes back later, no duplicate row appears, and any clashes were reported at the time rather than resolved in silence.

Sheet Summary
A1: Run summary
A2: Counts update automatically from the Pass / Fail column on the Test Cases sheet.
A4: Group | B4: Cases | C4: Pass | D4: Fail | E4: Blocked | F4: Not run | G4: Notes
A5: A. Onboarding - Positive | B5: =COUNTIF('Test Cases'!$B$2:$B$48,$A5) | C5: =COUNTIFS('Test Cases'!$B$2:$B$48,$A5,'Test Cases'!$I$2:$I$48,"Pass") | D5: =COUNTIFS('Test Cases'!$B$2:$B$48,$A5,'Test Cases'!$I$2:$I$48,"Fail") | E5: =COUNTIFS('Test Cases'!$B$2:$B$48,$A5,'Test Cases'!$I$2:$I$48,"Blocked") | F5: =B5-C5-D5-E5
A6: B. Onboarding - Negative | B6: =COUNTIF('Test Cases'!$B$2:$B$48,$A6) | C6: =COUNTIFS('Test Cases'!$B$2:$B$48,$A6,'Test Cases'!$I$2:$I$48,"Pass") | D6: =COUNTIFS('Test Cases'!$B$2:$B$48,$A6,'Test Cases'!$I$2:$I$48,"Fail") | E6: =COUNTIFS('Test Cases'!$B$2:$B$48,$A6,'Test Cases'!$I$2:$I$48,"Blocked") | F6: =B6-C6-D6-E6
A7: C. Onboarding - Edge | B7: =COUNTIF('Test Cases'!$B$2:$B$48,$A7) | C7: =COUNTIFS('Test Cases'!$B$2:$B$48,$A7,'Test Cases'!$I$2:$I$48,"Pass") | D7: =COUNTIFS('Test Cases'!$B$2:$B$48,$A7,'Test Cases'!$I$2:$I$48,"Fail") | E7: =COUNTIFS('Test Cases'!$B$2:$B$48,$A7,'Test Cases'!$I$2:$I$48,"Blocked") | F7: =B7-C7-D7-E7
A8: D. Onboarding - Multi-user | B8: =COUNTIF('Test Cases'!$B$2:$B$48,$A8) | C8: =COUNTIFS('Test Cases'!$B$2:$B$48,$A8,'Test Cases'!$I$2:$I$48,"Pass") | D8: =COUNTIFS('Test Cases'!$B$2:$B$48,$A8,'Test Cases'!$I$2:$I$48,"Fail") | E8: =COUNTIFS('Test Cases'!$B$2:$B$48,$A8,'Test Cases'!$I$2:$I$48,"Blocked") | F8: =B8-C8-D8-E8
A9: E. Concurrent editing - Positive | B9: =COUNTIF('Test Cases'!$B$2:$B$48,$A9) | C9: =COUNTIFS('Test Cases'!$B$2:$B$48,$A9,'Test Cases'!$I$2:$I$48,"Pass") | D9: =COUNTIFS('Test Cases'!$B$2:$B$48,$A9,'Test Cases'!$I$2:$I$48,"Fail") | E9: =COUNTIFS('Test Cases'!$B$2:$B$48,$A9,'Test Cases'!$I$2:$I$48,"Blocked") | F9: =B9-C9-D9-E9
A10: F. Data-loss defect (must pass) | B10: =COUNTIF('Test Cases'!$B$2:$B$48,$A10) | C10: =COUNTIFS('Test Cases'!$B$2:$B$48,$A10,'Test Cases'!$I$2:$I$48,"Pass") | D10: =COUNTIFS('Test Cases'!$B$2:$B$48,$A10,'Test Cases'!$I$2:$I$48,"Fail") | E10: =COUNTIFS('Test Cases'!$B$2:$B$48,$A10,'Test Cases'!$I$2:$I$48,"Blocked") | F10: =B10-C10-D10-E10
A11: G. Sync - Edge | B11: =COUNTIF('Test Cases'!$B$2:$B$48,$A11) | C11: =COUNTIFS('Test Cases'!$B$2:$B$48,$A11,'Test Cases'!$I$2:$I$48,"Pass") | D11: =COUNTIFS('Test Cases'!$B$2:$B$48,$A11,'Test Cases'!$I$2:$I$48,"Fail") | E11: =COUNTIFS('Test Cases'!$B$2:$B$48,$A11,'Test Cases'!$I$2:$I$48,"Blocked") | F11: =B11-C11-D11-E11
A12: H. Sync - Multi-user | B12: =COUNTIF('Test Cases'!$B$2:$B$48,$A12) | C12: =COUNTIFS('Test Cases'!$B$2:$B$48,$A12,'Test Cases'!$I$2:$I$48,"Pass") | D12: =COUNTIFS('Test Cases'!$B$2:$B$48,$A12,'Test Cases'!$I$2:$I$48,"Fail") | E12: =COUNTIFS('Test Cases'!$B$2:$B$48,$A12,'Test Cases'!$I$2:$I$48,"Blocked") | F12: =B12-C12-D12-E12
A13: Total | B13: =SUM(B5:B12) | C13: =SUM(C5:C12) | D13: =SUM(D5:D12) | E13: =SUM(E5:E12) | F13: =SUM(F5:F12)
A15: Build / environment
A16: Build or version tested
A17: Environment / URL
A18: Database
A19: Tester(s)
A20: Test run started
A21: Test run finished
A23: Reporting a data-loss failure
A24: Include: the test case ID, the field or record, the exact value each member typed, the order and timing of their actions, whether either window was hidden, and screenshots of BOTH windows. Note also whether the value came back after a reload - lost on screen only and lost in the database are two different faults.

Sheet How to test
A1: How to run this suite
A3: Every test case has seven parts. Actual Result and Pass / Fail are left blank on purpose - they are yours to complete. Pass / Fail is a drop-down: Pass, Fail, Blocked, Not Run. If a case cannot be run, choose Blocked and write why in the Notes column.
A5: Two-user set-up (needed for every multi-user case and most DL cases)
A7: 1. Use two SEPARATE browser profiles (or one normal window and one private/incognito window). Two tabs in the same profile share one login and will not reproduce the defect. 2. Sign in as two different members of the same organization, and open the same program in both. 3. Keep both windows visible side by side. The app pauses its 5-second sync check in a hidden tab, so a minimised window looks like sync is broken. 4. Where a case says "wait for sync", allow up to 10 seconds (a 5-second check plus the save itself).
A9: Test data
A11: Ann - org admin / owner. Creates the organization, adds members, edits org details. Ben - team member. Second editor in all multi-user cases. Cara - team member. Third editor in the DL-M cases. Super Admin - app admin passcode. Used for entitlement and console cases.
A13: ID prefixes
A15: OB-P Onboarding, positive (the flow works as intended) - 8 cases OB-N Onboarding, negative (bad input, failures, refusals) - 7 cases OB-E Onboarding, edge case (limits, timing, odd input) - 6 cases OB-M Onboarding, multi-user - 4 cases DL-P Data / sync, positive concurrent editing - 6 cases DL-N Data / sync, the data-loss defect and its neighbours - 7 cases DL-E Data / sync, edge case - 5 cases DL-M Data / sync, three or more users, several devices - 4 cases
A17: The data-loss issue, in plain words
A19: What was reported
A21: Two members had the same program open. One was still typing (or had just typed, but the change had not yet been sent to the server). The other member saved. A moment later, the first member’s screen reset to the stored values and their unsaved work was gone.
A23: Why it happened
... A33: The seven DL-N cases on the Test Cases sheet (highlighted). Treat any failure there as a BLOCKER.
